{
  "hypothesis_1": {
    "n_close_rows": 5698,
    "obs_diff_winrate": 0.13162513162513162,
    "p_value": 0.0,
    "winrate_firstdragon_close": 0.5658125658125658,
    "winrate_no_firstdragon_close": 0.43418743418743416
  },
  "hypothesis_2": {
    "n_group_rows": 10528,
    "q25_abs_gd15": 922.0,
    "q75_abs_gd15": 3458.0,
    "obs_diff_mean_length_min_small_minus_large": 5.342710074150229,
    "p_value": 0.0,
    "mean_length_small_gap": 33.65281261877613,
    "mean_length_large_gap": 28.310102544625902
  },
  "baseline_model": {
    "n_train": 16835,
    "n_test": 4209,
    "accuracy": 0.7505345687811832,
    "f1": 0.7516556291390728,
    "precision": 0.7481167608286252,
    "recall": 0.7552281368821293
  }
}